date,count,uniques
2025-02-17,1,1
2025-02-24,1,1
2025-03-03,1,1
2025-03-04,1,1
2025-03-07,1,1
2025-03-11,5,5
2025-03-17,1,1
2025-03-20,1,1
2025-03-25,1,1
2025-03-30,1,1
2025-03-31,2,2
2025-04-01,4,4
2025-04-07,1,1
2025-04-14,2,2
2025-04-21,1,1
2025-04-22,1,1
2025-04-28,1,1
2025-05-05,1,1
2025-05-11,1,1
2025-05-12,1,1
2025-05-15,1,1
2025-05-19,1,1
2025-05-20,1,1
2025-05-23,1,1
2025-05-26,1,1
2025-05-27,2,2
2025-05-30,1,1
2025-06-02,1,1
2025-06-05,1,1
2025-06-08,1,1
2025-06-09,1,1
2025-06-14,1,1
2025-06-16,12,10
2025-06-17,1,1
2025-06-23,1,1
2025-06-30,1,1
2025-07-01,18,13
2025-07-02,1,1
2025-07-03,1,1
2025-07-04,1,1
2025-07-05,2,2
2025-07-06,1,1
2025-07-07,1,1
2025-07-09,2,2
2025-07-11,1,1
2025-07-14,1,1
2025-07-27,1,1
2025-07-29,2,1
