date,path_1,path_1_count,path_1_uniques,path_2,path_2_count,path_2_uniques,path_3,path_3_count,path_3_uniques,path_4,path_4_count,path_4_uniques,path_5,path_5_count,path_5_uniques,path_6,path_6_count,path_6_uniques,path_7,path_7_count,path_7_uniques,path_8,path_8_count,path_8_uniques,path_9,path_9_count,path_9_uniques,path_10,path_10_count,path_10_uniques
2026-07-29,/lulunac27a/surprise-random-2digit-number-generator/issues,1,1,,,,,,,,,,,,,,,,,,,,,,,,,,,
2026-07-30,/lulunac27a/surprise-random-2digit-number-generator/issues,1,1,,,,,,,,,,,,,,,,,,,,,,,,,,,
2026-07-31,/lulunac27a/surprise-random-2digit-number-generator/issues,1,1,,,,,,,,,,,,,,,,,,,,,,,,,,,
2026-08-01,/lulunac27a/surprise-random-2digit-number-generator/issues,1,1,,,,,,,,,,,,,,,,,,,,,,,,,,,
2026-08-02,/lulunac27a/surprise-random-2digit-number-generator/issues,1,1,,,,,,,,,,,,,,,,,,,,,,,,,,,
2026-08-03,/lulunac27a/surprise-random-2digit-number-generator/issues,1,1,,,,,,,,,,,,,,,,,,,,,,,,,,,
2026-08-04,/lulunac27a/surprise-random-2digit-number-generator/issues,1,1,,,,,,,,,,,,,,,,,,,,,,,,,,,
2026-08-05,/lulunac27a/surprise-random-2digit-number-generator/issues,1,1,,,,,,,,,,,,,,,,,,,,,,,,,,,
2026-08-06,/lulunac27a/surprise-random-2digit-number-generator/issues,2,2,,,,,,,,,,,,,,,,,,,,,,,,,,,
2026-08-07,/lulunac27a/surprise-random-2digit-number-generator/issues,2,2,,,,,,,,,,,,,,,,,,,,,,,,,,,
2026-08-07,/lulunac27a/surprise-random-2digit-number-generator/issues,2,2,,,,,,,,,,,,,,,,,,,,,,,,,,,
2026-08-08,/lulunac27a/surprise-random-2digit-number-generator/issues,2,2,,,,,,,,,,,,,,,,,,,,,,,,,,,
2026-08-09,/lulunac27a/surprise-random-2digit-number-generator/issues,2,2,,,,,,,,,,,,,,,,,,,,,,,,,,,
2026-08-10,/lulunac27a/surprise-random-2digit-number-generator/issues,2,2,,,,,,,,,,,,,,,,,,,,,,,,,,,
2026-08-12,/lulunac27a/surprise-random-2digit-number-generator/issues,1,1,,,,,,,,,,,,,,,,,,,,,,,,,,,
2026-08-13,/lulunac27a/surprise-random-2digit-number-generator/issues,1,1,,,,,,,,,,,,,,,,,,,,,,,,,,,
2026-08-14,/lulunac27a/surprise-random-2digit-number-generator/issues,1,1,,,,,,,,,,,,,,,,,,,,,,,,,,,
